gbifID	datasetKey	occurrenceID	kingdom	phylum	class	order	family	genus	species	infraspecificEpithet	taxonRank	scientificName	verbatimScientificName	verbatimScientificNameAuthorship	countryCode	locality	stateProvince	occurrenceStatus	individualCount	publishingOrgKey	decimalLatitude	decimalLongitude	coordinateUncertaintyInMeters	coordinatePrecision	elevation	elevationAccuracy	depth	depthAccuracy	eventDate	day	month	year	taxonKey	speciesKey	basisOfRecord	institutionCode	collectionCode	catalogNumber	recordNumber	identifiedBy	dateIdentified	license	rightsHolder	recordedBy	typeStatus	establishmentMeans	lastInterpreted	mediaType	issue
2804500361	2aa02cf8-c402-412c-9ad1-585e1e185bef	http://arctos.database.museum/guid/ASNHC:Mamm:9991?seid=4403396	Animalia	Chordata	Mammalia	Rodentia	Cricetidae	Aegialomys	Aegialomys galapagoensis		SPECIES	Oryzomys bauri Allen, 1892	Oryzomys bauri		EC	no specific locality	Galapagos	PRESENT	1	9c0a8aa8-4ce7-49ba-aac7-21a97234f886	-0.806667	-90.043335	500.0						1997-08-09T00:00:00	9	8	1997	5786855	5786854	PRESERVED_SPECIMEN	ASNHC	Mammal specimens	ASNHC:Mamm:9991		unknown	1997-08-09T00:00:00	CC0_1_0		Collector(s): Robert C. Dowler; Darin S. Carroll; Preparator(s): Cody W. Edwards			2021-05-08T18:46:06.291Z		CONTINENT_INVALID;OCCURRENCE_STATUS_INFERRED_FROM_INDIVIDUAL_COUNT
2804500162	2aa02cf8-c402-412c-9ad1-585e1e185bef	http://arctos.database.museum/guid/ASNHC:Mamm:10617?seid=4405914	Animalia	Chordata	Mammalia	Rodentia	Cricetidae	Aegialomys	Aegialomys galapagoensis		SPECIES	Oryzomys bauri Allen, 1892	Oryzomys bauri		EC	no specific locality	Galapagos	PRESENT	1	9c0a8aa8-4ce7-49ba-aac7-21a97234f886	-0.8035	-90.040832	500.0						1999-07-16T00:00:00	16	7	1999	5786855	5786854	PRESERVED_SPECIMEN	ASNHC	Mammal specimens	ASNHC:Mamm:10617		unknown	1999-07-16T00:00:00	CC0_1_0		Collector(s): Robert C. Dowler; Marcia A. Revelez; Preparator(s): Robert C. Dowler			2021-05-08T18:46:06.276Z		CONTINENT_INVALID;OCCURRENCE_STATUS_INFERRED_FROM_INDIVIDUAL_COUNT
2804500038	2aa02cf8-c402-412c-9ad1-585e1e185bef	http://arctos.database.museum/guid/ASNHC:Mamm:9997?seid=4403403	Animalia	Chordata	Mammalia	Rodentia	Cricetidae	Aegialomys	Aegialomys galapagoensis		SPECIES	Oryzomys bauri Allen, 1892	Oryzomys bauri		EC	no specific locality	Galapagos	PRESENT	1	9c0a8aa8-4ce7-49ba-aac7-21a97234f886	-0.806667	-90.043335	500.0						1997-08-09T00:00:00	9	8	1997	5786855	5786854	PRESERVED_SPECIMEN	ASNHC	Mammal specimens	ASNHC:Mamm:9997		unknown	1997-08-09T00:00:00	CC0_1_0		Collector(s): Robert C. Dowler; Darin S. Carroll; Preparator(s): Darin S. Carroll			2021-05-08T18:46:06.242Z		CONTINENT_INVALID;OCCURRENCE_STATUS_INFERRED_FROM_INDIVIDUAL_COUNT
2804499171	2aa02cf8-c402-412c-9ad1-585e1e185bef	http://arctos.database.museum/guid/ASNHC:Mamm:11578?seid=4406266	Animalia	Chordata	Mammalia	Rodentia	Cricetidae	Aegialomys	Aegialomys galapagoensis		SPECIES	Oryzomys bauri Allen, 1892	Oryzomys bauri		EC	no specific locality	Galapagos	PRESENT	1	9c0a8aa8-4ce7-49ba-aac7-21a97234f886	-0.8035	-90.040832	500.0						1997-08-09T00:00:00	9	8	1997	5786855	5786854	PRESERVED_SPECIMEN	ASNHC	Mammal specimens	ASNHC:Mamm:11578		unknown	1997-08-09T00:00:00	CC0_1_0		Collector(s): Darin S. Carroll; Preparator(s): Darin S. Carroll			2021-05-08T18:46:06.122Z		CONTINENT_INVALID;OCCURRENCE_STATUS_INFERRED_FROM_INDIVIDUAL_COUNT
2804498919	2aa02cf8-c402-412c-9ad1-585e1e185bef	http://arctos.database.museum/guid/ASNHC:Mamm:9994?seid=4403400	Animalia	Chordata	Mammalia	Rodentia	Cricetidae	Aegialomys	Aegialomys galapagoensis		SPECIES	Oryzomys bauri Allen, 1892	Oryzomys bauri		EC	no specific locality	Galapagos	PRESENT	1	9c0a8aa8-4ce7-49ba-aac7-21a97234f886	-0.806667	-90.043335	500.0						1997-08-08T00:00:00	8	8	1997	5786855	5786854	PRESERVED_SPECIMEN	ASNHC	Mammal specimens	ASNHC:Mamm:9994		unknown	1997-08-08T00:00:00	CC0_1_0		Collector(s): Robert C. Dowler; Darin S. Carroll; Preparator(s): Robert C. Dowler			2021-05-08T18:46:06.103Z		CONTINENT_INVALID;OCCURRENCE_STATUS_INFERRED_FROM_INDIVIDUAL_COUNT
2804498620	2aa02cf8-c402-412c-9ad1-585e1e185bef	http://arctos.database.museum/guid/ASNHC:Mamm:11189?seid=4406187	Animalia	Chordata	Mammalia	Rodentia	Cricetidae	Aegialomys	Aegialomys galapagoensis		SPECIES	Oryzomys bauri Allen, 1892	Oryzomys bauri		EC	no specific locality	Galapagos	PRESENT	1	9c0a8aa8-4ce7-49ba-aac7-21a97234f886	-0.804	-90.041664	500.0						2000-07-02T00:00:00	2	7	2000	5786855	5786854	PRESERVED_SPECIMEN	ASNHC	Mammal specimens	ASNHC:Mamm:11189		unknown	2000-07-02T00:00:00	CC0_1_0		Collector(s): Thomas E. Lee Jr.; Preparator(s): Thomas E. Lee Jr.			2021-05-08T18:46:06.052Z		CONTINENT_INVALID;OCCURRENCE_STATUS_INFERRED_FROM_INDIVIDUAL_COUNT
2804496528	2aa02cf8-c402-412c-9ad1-585e1e185bef	http://arctos.database.museum/guid/ASNHC:Mamm:11580?seid=4406268	Animalia	Chordata	Mammalia	Rodentia	Cricetidae	Aegialomys	Aegialomys galapagoensis		SPECIES	Oryzomys bauri Allen, 1892	Oryzomys bauri		EC	no specific locality	Galapagos	PRESENT	1	9c0a8aa8-4ce7-49ba-aac7-21a97234f886	-0.8035	-90.040832	500.0						1997-08-09T00:00:00	9	8	1997	5786855	5786854	PRESERVED_SPECIMEN	ASNHC	Mammal specimens	ASNHC:Mamm:11580		unknown	1997-08-09T00:00:00	CC0_1_0		Collector(s): Cody W. Edwards; Preparator(s): Cody W. Edwards			2021-05-08T18:46:05.701Z		CONTINENT_INVALID;OCCURRENCE_STATUS_INFERRED_FROM_INDIVIDUAL_COUNT
2804495271	2aa02cf8-c402-412c-9ad1-585e1e185bef	http://arctos.database.museum/guid/ASNHC:Mamm:9999?seid=4403405	Animalia	Chordata	Mammalia	Rodentia	Cricetidae	Aegialomys	Aegialomys galapagoensis		SPECIES	Oryzomys bauri Allen, 1892	Oryzomys bauri		EC	no specific locality	Galapagos	PRESENT	1	9c0a8aa8-4ce7-49ba-aac7-21a97234f886	-0.806667	-90.043335	500.0						1997-08-09T00:00:00	9	8	1997	5786855	5786854	PRESERVED_SPECIMEN	ASNHC	Mammal specimens	ASNHC:Mamm:9999		unknown	1997-08-09T00:00:00	CC0_1_0		Collector(s): Robert C. Dowler; Darin S. Carroll; Preparator(s): Darin S. Carroll			2021-05-08T18:46:05.507Z		CONTINENT_INVALID;OCCURRENCE_STATUS_INFERRED_FROM_INDIVIDUAL_COUNT
2804494427	2aa02cf8-c402-412c-9ad1-585e1e185bef	http://arctos.database.museum/guid/ASNHC:Mamm:10614?seid=4405388	Animalia	Chordata	Mammalia	Rodentia	Cricetidae	Aegialomys	Aegialomys galapagoensis		SPECIES	Oryzomys bauri Allen, 1892	Oryzomys bauri		EC	no specific locality	Galapagos	PRESENT	1	9c0a8aa8-4ce7-49ba-aac7-21a97234f886	-0.8035	-90.040832	500.0						1999-07-16T00:00:00	16	7	1999	5786855	5786854	PRESERVED_SPECIMEN	ASNHC	Mammal specimens	ASNHC:Mamm:10614		unknown	1999-07-16T00:00:00	CC0_1_0		Collector(s): Robert C. Dowler; Marcia A. Revelez; Preparator(s): Robert C. Dowler			2021-05-08T18:46:05.399Z		CONTINENT_INVALID;OCCURRENCE_STATUS_INFERRED_FROM_INDIVIDUAL_COUNT
2804493888	2aa02cf8-c402-412c-9ad1-585e1e185bef	http://arctos.database.museum/guid/ASNHC:Mamm:10616?seid=4405913	Animalia	Chordata	Mammalia	Rodentia	Cricetidae	Aegialomys	Aegialomys galapagoensis		SPECIES	Oryzomys bauri Allen, 1892	Oryzomys bauri		EC	no specific locality	Galapagos	PRESENT	1	9c0a8aa8-4ce7-49ba-aac7-21a97234f886	-0.8035	-90.040832	500.0						1999-07-16T00:00:00	16	7	1999	5786855	5786854	PRESERVED_SPECIMEN	ASNHC	Mammal specimens	ASNHC:Mamm:10616		unknown	1999-07-16T00:00:00	CC0_1_0		Collector(s): Robert C. Dowler; Marcia A. Revelez; Preparator(s): Robert C. Dowler			2021-05-08T18:46:05.322Z		CONTINENT_INVALID;OCCURRENCE_STATUS_INFERRED_FROM_INDIVIDUAL_COUNT
2804493698	2aa02cf8-c402-412c-9ad1-585e1e185bef	http://arctos.database.museum/guid/ASNHC:Mamm:10620?seid=4405917	Animalia	Chordata	Mammalia	Rodentia	Cricetidae	Aegialomys	Aegialomys galapagoensis		SPECIES	Oryzomys bauri Allen, 1892	Oryzomys bauri		EC	no specific locality	Galapagos	PRESENT	1	9c0a8aa8-4ce7-49ba-aac7-21a97234f886	-0.8035	-90.040832	500.0						1999-07-16T00:00:00	16	7	1999	5786855	5786854	PRESERVED_SPECIMEN	ASNHC	Mammal specimens	ASNHC:Mamm:10620		unknown	1999-07-16T00:00:00	CC0_1_0		Collector(s): Robert C. Dowler; Marcia A. Revelez; Preparator(s): Robert C. Dowler			2021-05-08T18:46:05.279Z		CONTINENT_INVALID;OCCURRENCE_STATUS_INFERRED_FROM_INDIVIDUAL_COUNT
2804493625	2aa02cf8-c402-412c-9ad1-585e1e185bef	http://arctos.database.museum/guid/ASNHC:Mamm:10615?seid=4405389	Animalia	Chordata	Mammalia	Rodentia	Cricetidae	Aegialomys	Aegialomys galapagoensis		SPECIES	Oryzomys bauri Allen, 1892	Oryzomys bauri		EC	no specific locality	Galapagos	PRESENT	1	9c0a8aa8-4ce7-49ba-aac7-21a97234f886	-0.8035	-90.040832	500.0						1999-07-16T00:00:00	16	7	1999	5786855	5786854	PRESERVED_SPECIMEN	ASNHC	Mammal specimens	ASNHC:Mamm:10615		unknown	1999-07-16T00:00:00	CC0_1_0		Collector(s): Robert C. Dowler; Marcia A. Revelez; Preparator(s): Robert C. Dowler			2021-05-08T18:46:05.273Z		CONTINENT_INVALID;OCCURRENCE_STATUS_INFERRED_FROM_INDIVIDUAL_COUNT
2804493586	2aa02cf8-c402-412c-9ad1-585e1e185bef	http://arctos.database.museum/guid/ASNHC:Mamm:9990?seid=4403395	Animalia	Chordata	Mammalia	Rodentia	Cricetidae	Aegialomys	Aegialomys galapagoensis		SPECIES	Oryzomys bauri Allen, 1892	Oryzomys bauri		EC	no specific locality	Galapagos	PRESENT	1	9c0a8aa8-4ce7-49ba-aac7-21a97234f886	-0.806667	-90.043335	500.0						1997-08-08T00:00:00	8	8	1997	5786855	5786854	PRESERVED_SPECIMEN	ASNHC	Mammal specimens	ASNHC:Mamm:9990		unknown	1997-08-08T00:00:00	CC0_1_0		Collector(s): Robert C. Dowler; Darin S. Carroll; Preparator(s): Cody W. Edwards			2021-05-08T18:46:05.270Z		CONTINENT_INVALID;OCCURRENCE_STATUS_INFERRED_FROM_INDIVIDUAL_COUNT
2804492099	2aa02cf8-c402-412c-9ad1-585e1e185bef	http://arctos.database.museum/guid/ASNHC:Mamm:9995?seid=4403401	Animalia	Chordata	Mammalia	Rodentia	Cricetidae	Aegialomys	Aegialomys galapagoensis		SPECIES	Oryzomys bauri Allen, 1892	Oryzomys bauri		EC	no specific locality	Galapagos	PRESENT	1	9c0a8aa8-4ce7-49ba-aac7-21a97234f886	-0.808333	-90.044998	500.0						1997-08-09T00:00:00	9	8	1997	5786855	5786854	PRESERVED_SPECIMEN	ASNHC	Mammal specimens	ASNHC:Mamm:9995		unknown	1997-08-09T00:00:00	CC0_1_0		Collector(s): Robert C. Dowler; Darin S. Carroll; Preparator(s): Robert C. Dowler			2021-05-08T18:46:05.057Z		CONTINENT_INVALID;OCCURRENCE_STATUS_INFERRED_FROM_INDIVIDUAL_COUNT
2804490841	2aa02cf8-c402-412c-9ad1-585e1e185bef	http://arctos.database.museum/guid/ASNHC:Mamm:10609?seid=4405369	Animalia	Chordata	Mammalia	Rodentia	Cricetidae	Aegialomys	Aegialomys galapagoensis		SPECIES	Oryzomys bauri Allen, 1892	Oryzomys bauri		EC	no specific locality	Galapagos	PRESENT	1	9c0a8aa8-4ce7-49ba-aac7-21a97234f886	-0.8035	-90.040832	500.0						1999-07-16T00:00:00	16	7	1999	5786855	5786854	PRESERVED_SPECIMEN	ASNHC	Mammal specimens	ASNHC:Mamm:10609		unknown	1999-07-16T00:00:00	CC0_1_0		Collector(s): Robert C. Dowler; Marcia A. Revelez; Preparator(s): Marcia A. Revelez			2021-05-08T18:46:04.861Z		CONTINENT_INVALID;OCCURRENCE_STATUS_INFERRED_FROM_INDIVIDUAL_COUNT
2804489502	2aa02cf8-c402-412c-9ad1-585e1e185bef	http://arctos.database.museum/guid/ASNHC:Mamm:11579?seid=4406267	Animalia	Chordata	Mammalia	Rodentia	Cricetidae	Aegialomys	Aegialomys galapagoensis		SPECIES	Oryzomys bauri Allen, 1892	Oryzomys bauri		EC	no specific locality	Galapagos	PRESENT	1	9c0a8aa8-4ce7-49ba-aac7-21a97234f886	-0.8035	-90.040832	500.0						1997-08-09T00:00:00	9	8	1997	5786855	5786854	PRESERVED_SPECIMEN	ASNHC	Mammal specimens	ASNHC:Mamm:11579		unknown	1997-08-09T00:00:00	CC0_1_0		Collector(s): Robert C. Dowler; Preparator(s): Robert C. Dowler			2021-05-08T18:46:04.689Z		CONTINENT_INVALID;OCCURRENCE_STATUS_INFERRED_FROM_INDIVIDUAL_COUNT
2804489409	2aa02cf8-c402-412c-9ad1-585e1e185bef	http://arctos.database.museum/guid/ASNHC:Mamm:10610?seid=4405384	Animalia	Chordata	Mammalia	Rodentia	Cricetidae	Aegialomys	Aegialomys galapagoensis		SPECIES	Oryzomys bauri Allen, 1892	Oryzomys bauri		EC	no specific locality	Galapagos	PRESENT	1	9c0a8aa8-4ce7-49ba-aac7-21a97234f886	-0.8035	-90.040832	500.0						1999-07-16T00:00:00	16	7	1999	5786855	5786854	PRESERVED_SPECIMEN	ASNHC	Mammal specimens	ASNHC:Mamm:10610		unknown	1999-07-16T00:00:00	CC0_1_0		Collector(s): Robert C. Dowler; Marcia A. Revelez; Preparator(s): Marcia A. Revelez			2021-05-08T18:46:04.680Z		CONTINENT_INVALID;OCCURRENCE_STATUS_INFERRED_FROM_INDIVIDUAL_COUNT
2804488187	2aa02cf8-c402-412c-9ad1-585e1e185bef	http://arctos.database.museum/guid/ASNHC:Mamm:9998?seid=4403404	Animalia	Chordata	Mammalia	Rodentia	Cricetidae	Aegialomys	Aegialomys galapagoensis		SPECIES	Oryzomys bauri Allen, 1892	Oryzomys bauri		EC	no specific locality	Galapagos	PRESENT	1	9c0a8aa8-4ce7-49ba-aac7-21a97234f886	-0.806667	-90.043335	500.0						1997-08-09T00:00:00	9	8	1997	5786855	5786854	PRESERVED_SPECIMEN	ASNHC	Mammal specimens	ASNHC:Mamm:9998		unknown	1997-08-09T00:00:00	CC0_1_0		Collector(s): Robert C. Dowler; Darin S. Carroll; Preparator(s): Darin S. Carroll			2021-05-08T18:46:04.457Z		CONTINENT_INVALID;OCCURRENCE_STATUS_INFERRED_FROM_INDIVIDUAL_COUNT
2804487291	2aa02cf8-c402-412c-9ad1-585e1e185bef	http://arctos.database.museum/guid/ASNHC:Mamm:10619?seid=4405916	Animalia	Chordata	Mammalia	Rodentia	Cricetidae	Aegialomys	Aegialomys galapagoensis		SPECIES	Oryzomys bauri Allen, 1892	Oryzomys bauri		EC	no specific locality	Galapagos	PRESENT	1	9c0a8aa8-4ce7-49ba-aac7-21a97234f886	-0.8035	-90.040832	500.0						1999-07-16T00:00:00	16	7	1999	5786855	5786854	PRESERVED_SPECIMEN	ASNHC	Mammal specimens	ASNHC:Mamm:10619		unknown	1999-07-16T00:00:00	CC0_1_0		Collector(s): Robert C. Dowler; Marcia A. Revelez; Preparator(s): Robert C. Dowler			2021-05-08T18:46:04.343Z		CONTINENT_INVALID;OCCURRENCE_STATUS_INFERRED_FROM_INDIVIDUAL_COUNT
2804487237	2aa02cf8-c402-412c-9ad1-585e1e185bef	http://arctos.database.museum/guid/ASNHC:Mamm:9993?seid=4403398	Animalia	Chordata	Mammalia	Rodentia	Cricetidae	Aegialomys	Aegialomys galapagoensis		SPECIES	Oryzomys bauri Allen, 1892	Oryzomys bauri		EC	no specific locality	Galapagos	PRESENT	1	9c0a8aa8-4ce7-49ba-aac7-21a97234f886	-0.806667	-90.043335	500.0						1997-08-08T00:00:00	8	8	1997	5786855	5786854	PRESERVED_SPECIMEN	ASNHC	Mammal specimens	ASNHC:Mamm:9993		unknown	1997-08-08T00:00:00	CC0_1_0		Collector(s): Robert C. Dowler; Darin S. Carroll; Preparator(s): Robert C. Dowler			2021-05-08T18:46:04.326Z		CONTINENT_INVALID;OCCURRENCE_STATUS_INFERRED_FROM_INDIVIDUAL_COUNT
2804486954	2aa02cf8-c402-412c-9ad1-585e1e185bef	http://arctos.database.museum/guid/ASNHC:Mamm:11188?seid=4406186	Animalia	Chordata	Mammalia	Rodentia	Cricetidae	Aegialomys	Aegialomys galapagoensis		SPECIES	Oryzomys bauri Allen, 1892	Oryzomys bauri		EC	no specific locality	Galapagos	PRESENT	1	9c0a8aa8-4ce7-49ba-aac7-21a97234f886	-0.804	-90.041664	500.0						2000-07-02T00:00:00	2	7	2000	5786855	5786854	PRESERVED_SPECIMEN	ASNHC	Mammal specimens	ASNHC:Mamm:11188		unknown	2000-07-02T00:00:00	CC0_1_0		Collector(s): Thomas E. Lee Jr.; Preparator(s): Thomas E. Lee Jr.			2021-05-08T18:46:04.305Z		CONTINENT_INVALID;OCCURRENCE_STATUS_INFERRED_FROM_INDIVIDUAL_COUNT
2804485943	2aa02cf8-c402-412c-9ad1-585e1e185bef	http://arctos.database.museum/guid/ASNHC:Mamm:10613?seid=4405387	Animalia	Chordata	Mammalia	Rodentia	Cricetidae	Aegialomys	Aegialomys galapagoensis		SPECIES	Oryzomys bauri Allen, 1892	Oryzomys bauri		EC	no specific locality	Galapagos	PRESENT	1	9c0a8aa8-4ce7-49ba-aac7-21a97234f886	-0.8035	-90.040832	500.0						1999-07-16T00:00:00	16	7	1999	5786855	5786854	PRESERVED_SPECIMEN	ASNHC	Mammal specimens	ASNHC:Mamm:10613		unknown	1999-07-16T00:00:00	CC0_1_0		Collector(s): Robert C. Dowler; Marcia A. Revelez; Preparator(s): Robert C. Dowler			2021-05-08T18:46:04.187Z		CONTINENT_INVALID;OCCURRENCE_STATUS_INFERRED_FROM_INDIVIDUAL_COUNT
2804485747	2aa02cf8-c402-412c-9ad1-585e1e185bef	http://arctos.database.museum/guid/ASNHC:Mamm:9996?seid=4403402	Animalia	Chordata	Mammalia	Rodentia	Cricetidae	Aegialomys	Aegialomys galapagoensis		SPECIES	Oryzomys bauri Allen, 1892	Oryzomys bauri		EC	no specific locality	Galapagos	PRESENT	1	9c0a8aa8-4ce7-49ba-aac7-21a97234f886	-0.806667	-90.043335	500.0						1997-08-09T00:00:00	9	8	1997	5786855	5786854	PRESERVED_SPECIMEN	ASNHC	Mammal specimens	ASNHC:Mamm:9996		unknown	1997-08-09T00:00:00	CC0_1_0		Collector(s): Robert C. Dowler; Darin S. Carroll; Preparator(s): Robert C. Dowler			2021-05-08T18:46:04.144Z		CONTINENT_INVALID;OCCURRENCE_STATUS_INFERRED_FROM_INDIVIDUAL_COUNT
2804483486	2aa02cf8-c402-412c-9ad1-585e1e185bef	http://arctos.database.museum/guid/ASNHC:Mamm:10611?seid=4405385	Animalia	Chordata	Mammalia	Rodentia	Cricetidae	Aegialomys	Aegialomys galapagoensis		SPECIES	Oryzomys bauri Allen, 1892	Oryzomys bauri		EC	no specific locality	Galapagos	PRESENT	1	9c0a8aa8-4ce7-49ba-aac7-21a97234f886	-0.8035	-90.040832	500.0						1999-07-16T00:00:00	16	7	1999	5786855	5786854	PRESERVED_SPECIMEN	ASNHC	Mammal specimens	ASNHC:Mamm:10611		unknown	1999-07-16T00:00:00	CC0_1_0		Collector(s): Robert C. Dowler; Marcia A. Revelez; Preparator(s): Marcia A. Revelez			2021-05-08T18:46:03.786Z		CONTINENT_INVALID;OCCURRENCE_STATUS_INFERRED_FROM_INDIVIDUAL_COUNT
2804482655	2aa02cf8-c402-412c-9ad1-585e1e185bef	http://arctos.database.museum/guid/ASNHC:Mamm:10612?seid=4405386	Animalia	Chordata	Mammalia	Rodentia	Cricetidae	Aegialomys	Aegialomys galapagoensis		SPECIES	Oryzomys bauri Allen, 1892	Oryzomys bauri		EC	no specific locality	Galapagos	PRESENT	1	9c0a8aa8-4ce7-49ba-aac7-21a97234f886	-0.8035	-90.040832	500.0						1999-07-16T00:00:00	16	7	1999	5786855	5786854	PRESERVED_SPECIMEN	ASNHC	Mammal specimens	ASNHC:Mamm:10612		unknown	1999-07-16T00:00:00	CC0_1_0		Collector(s): Robert C. Dowler; Marcia A. Revelez; Preparator(s): Marcia A. Revelez			2021-05-08T18:46:03.678Z		CONTINENT_INVALID;OCCURRENCE_STATUS_INFERRED_FROM_INDIVIDUAL_COUNT
2804481361	2aa02cf8-c402-412c-9ad1-585e1e185bef	http://arctos.database.museum/guid/ASNHC:Mamm:9992?seid=4403397	Animalia	Chordata	Mammalia	Rodentia	Cricetidae	Aegialomys	Aegialomys galapagoensis		SPECIES	Oryzomys bauri Allen, 1892	Oryzomys bauri		EC	no specific locality	Galapagos	PRESENT	1	9c0a8aa8-4ce7-49ba-aac7-21a97234f886	-0.806667	-90.043335	500.0						1997-08-09T00:00:00	9	8	1997	5786855	5786854	PRESERVED_SPECIMEN	ASNHC	Mammal specimens	ASNHC:Mamm:9992		unknown	1997-08-09T00:00:00	CC0_1_0		Collector(s): Robert C. Dowler; Darin S. Carroll; Preparator(s): Cody W. Edwards			2021-05-08T18:46:03.494Z		CONTINENT_INVALID;OCCURRENCE_STATUS_INFERRED_FROM_INDIVIDUAL_COUNT
2804480601	2aa02cf8-c402-412c-9ad1-585e1e185bef	http://arctos.database.museum/guid/ASNHC:Mamm:10618?seid=4405915	Animalia	Chordata	Mammalia	Rodentia	Cricetidae	Aegialomys	Aegialomys galapagoensis		SPECIES	Oryzomys bauri Allen, 1892	Oryzomys bauri		EC	no specific locality	Galapagos	PRESENT	1	9c0a8aa8-4ce7-49ba-aac7-21a97234f886	-0.8035	-90.040832	500.0						1999-07-16T00:00:00	16	7	1999	5786855	5786854	PRESERVED_SPECIMEN	ASNHC	Mammal specimens	ASNHC:Mamm:10618		unknown	1999-07-16T00:00:00	CC0_1_0		Collector(s): Robert C. Dowler; Marcia A. Revelez; Preparator(s): Robert C. Dowler			2021-05-08T18:46:03.314Z		CONTINENT_INVALID;OCCURRENCE_STATUS_INFERRED_FROM_INDIVIDUAL_COUNT
1499985775	4bfac3ea-8763-4f4b-a71a-76a6f5f243d3	MCZ:Mamm:14975	Animalia	Chordata	Mammalia	Rodentia	Cricetidae	Aegialomys	Aegialomys galapagoensis		SPECIES	Oryzomys bauri Allen, 1892	Oryzomys bauri		EC	Barrington Island	Gal√°pagos	PRESENT	1	b4640710-8e03-11d8-b956-b8a03c50a862	-0.817768	-90.058655	4708.0						1891-07-09T00:00:00	9	7	1891	5786855	5786854	PRESERVED_SPECIMEN	MCZ	Mamm	14975		Joel Asaph Allen		CC_BY_NC_4_0	President and Fellows of Harvard College	G. Baur	PARATYPE		2021-05-28T22:45:31.509Z		OCCURRENCE_STATUS_INFERRED_FROM_INDIVIDUAL_COUNT;INSTITUTION_MATCH_FUZZY;COLLECTION_MATCH_FUZZY
1145715841	0daed095-478a-4af6-abf5-18acb790fbb2	http://arctos.database.museum/guid/MVZ:Mamm:145378?seid=1364197	Animalia	Chordata	Mammalia	Rodentia	Cricetidae	Aegialomys	Aegialomys galapagoensis		SPECIES	Aegialomys galapagoensis (Waterhouse, 1839)	Aegialomys galapagoensis		EC	Barrington Cove, Isla Santa Fe [Barrington Island]	Galapagos	PRESENT	1	8edbbde0-055e-11d8-b850-b8a03c50a862	-0.80344	-90.04094	200.0						1974-01-21T00:00:00	21	1	1974	5786854	5786854	PRESERVED_SPECIMEN	MVZ	Mammal specimens	MVZ:Mamm:145378	3950	James L. Patton	2007-12-04T00:00:00	CC0_1_0		Collector(s): James L. Patton			2021-05-29T00:55:56.154Z		CONTINENT_INVALID;OCCURRENCE_STATUS_INFERRED_FROM_INDIVIDUAL_COUNT;INSTITUTION_MATCH_FUZZY;INSTITUTION_COLLECTION_MISMATCH
1145715835	0daed095-478a-4af6-abf5-18acb790fbb2	http://arctos.database.museum/guid/MVZ:Mamm:145375?seid=1744051	Animalia	Chordata	Mammalia	Rodentia	Cricetidae	Aegialomys	Aegialomys galapagoensis		SPECIES	Aegialomys galapagoensis (Waterhouse, 1839)	Aegialomys galapagoensis		EC	Barrington Cove, Isla Santa Fe [Barrington Island]	Galapagos	PRESENT	1	8edbbde0-055e-11d8-b850-b8a03c50a862	-0.80344	-90.04094	200.0						1974-01-21T00:00:00	21	1	1974	5786854	5786854	PRESERVED_SPECIMEN	MVZ	Mammal specimens	MVZ:Mamm:145375	3947	James L. Patton	2007-12-04T00:00:00	CC0_1_0		Collector(s): James L. Patton			2021-05-29T00:56:05.419Z		CONTINENT_INVALID;OCCURRENCE_STATUS_INFERRED_FROM_INDIVIDUAL_COUNT;INSTITUTION_MATCH_FUZZY;INSTITUTION_COLLECTION_MISMATCH
1145715825	0daed095-478a-4af6-abf5-18acb790fbb2	http://arctos.database.museum/guid/MVZ:Mamm:145372?seid=1507489	Animalia	Chordata	Mammalia	Rodentia	Cricetidae	Aegialomys	Aegialomys galapagoensis		SPECIES	Aegialomys galapagoensis (Waterhouse, 1839)	Aegialomys galapagoensis		EC	Barrington Cove, Isla Santa Fe [Barrington Island]	Galapagos	PRESENT	1	8edbbde0-055e-11d8-b850-b8a03c50a862	-0.80344	-90.04094	200.0						1974-01-21T00:00:00	21	1	1974	5786854	5786854	PRESERVED_SPECIMEN	MVZ	Mammal specimens	MVZ:Mamm:145372	3944	James L. Patton	2007-12-04T00:00:00	CC0_1_0		Collector(s): James L. Patton			2021-05-29T00:55:55.872Z		CONTINENT_INVALID;OCCURRENCE_STATUS_INFERRED_FROM_INDIVIDUAL_COUNT;INSTITUTION_MATCH_FUZZY;INSTITUTION_COLLECTION_MISMATCH
1145715822	0daed095-478a-4af6-abf5-18acb790fbb2	http://arctos.database.museum/guid/MVZ:Mamm:145381?seid=1729711	Animalia	Chordata	Mammalia	Rodentia	Cricetidae	Aegialomys	Aegialomys galapagoensis		SPECIES	Aegialomys galapagoensis (Waterhouse, 1839)	Aegialomys galapagoensis		EC	Barrington Cove, Isla Santa Fe [Barrington Island]	Galapagos	PRESENT	1	8edbbde0-055e-11d8-b850-b8a03c50a862	-0.80344	-90.04094	200.0						1974-01-21T00:00:00	21	1	1974	5786854	5786854	PRESERVED_SPECIMEN	MVZ	Mammal specimens	MVZ:Mamm:145381	3953	James L. Patton	2007-12-04T00:00:00	CC0_1_0		Collector(s): James L. Patton			2021-05-29T00:55:55.814Z		CONTINENT_INVALID;OCCURRENCE_STATUS_INFERRED_FROM_INDIVIDUAL_COUNT;INSTITUTION_MATCH_FUZZY;INSTITUTION_COLLECTION_MISMATCH
1145715821	0daed095-478a-4af6-abf5-18acb790fbb2	http://arctos.database.museum/guid/MVZ:Mamm:145373?seid=1650666	Animalia	Chordata	Mammalia	Rodentia	Cricetidae	Aegialomys	Aegialomys galapagoensis		SPECIES	Aegialomys galapagoensis (Waterhouse, 1839)	Aegialomys galapagoensis		EC	Barrington Cove, Isla Santa Fe [Barrington Island]	Galapagos	PRESENT	1	8edbbde0-055e-11d8-b850-b8a03c50a862	-0.80344	-90.04094	200.0						1974-01-21T00:00:00	21	1	1974	5786854	5786854	PRESERVED_SPECIMEN	MVZ	Mammal specimens	MVZ:Mamm:145373	3945	James L. Patton	2007-12-04T00:00:00	CC0_1_0		Collector(s): James L. Patton			2021-05-29T00:56:05.254Z		CONTINENT_INVALID;OCCURRENCE_STATUS_INFERRED_FROM_INDIVIDUAL_COUNT;INSTITUTION_MATCH_FUZZY;INSTITUTION_COLLECTION_MISMATCH
1145715816	0daed095-478a-4af6-abf5-18acb790fbb2	http://arctos.database.museum/guid/MVZ:Mamm:145376?seid=1736903	Animalia	Chordata	Mammalia	Rodentia	Cricetidae	Aegialomys	Aegialomys galapagoensis		SPECIES	Aegialomys galapagoensis (Waterhouse, 1839)	Aegialomys galapagoensis		EC	Barrington Cove, Isla Santa Fe [Barrington Island]	Galapagos	PRESENT	1	8edbbde0-055e-11d8-b850-b8a03c50a862	-0.80344	-90.04094	200.0						1974-01-21T00:00:00	21	1	1974	5786854	5786854	PRESERVED_SPECIMEN	MVZ	Mammal specimens	MVZ:Mamm:145376	3948	James L. Patton	2007-12-04T00:00:00	CC0_1_0		Collector(s): James L. Patton			2021-05-29T00:55:56.675Z		CONTINENT_INVALID;OCCURRENCE_STATUS_INFERRED_FROM_INDIVIDUAL_COUNT;INSTITUTION_MATCH_FUZZY;INSTITUTION_COLLECTION_MISMATCH
1145715811	0daed095-478a-4af6-abf5-18acb790fbb2	http://arctos.database.museum/guid/MVZ:Mamm:145374?seid=1844631	Animalia	Chordata	Mammalia	Rodentia	Cricetidae	Aegialomys	Aegialomys galapagoensis		SPECIES	Aegialomys galapagoensis (Waterhouse, 1839)	Aegialomys galapagoensis		EC	Barrington Cove, Isla Santa Fe [Barrington Island]	Galapagos	PRESENT	1	8edbbde0-055e-11d8-b850-b8a03c50a862	-0.80344	-90.04094	200.0						1974-01-21T00:00:00	21	1	1974	5786854	5786854	PRESERVED_SPECIMEN	MVZ	Mammal specimens	MVZ:Mamm:145374	3946	James L. Patton	2007-12-04T00:00:00	CC0_1_0		Collector(s): James L. Patton			2021-05-29T00:56:05.419Z		CONTINENT_INVALID;OCCURRENCE_STATUS_INFERRED_FROM_INDIVIDUAL_COUNT;INSTITUTION_MATCH_FUZZY;INSTITUTION_COLLECTION_MISMATCH
1145715805	0daed095-478a-4af6-abf5-18acb790fbb2	http://arctos.database.museum/guid/MVZ:Mamm:145379?seid=65036	Animalia	Chordata	Mammalia	Rodentia	Cricetidae	Aegialomys	Aegialomys galapagoensis		SPECIES	Aegialomys galapagoensis (Waterhouse, 1839)	Aegialomys galapagoensis		EC	Barrington Cove, Isla Santa Fe [Barrington Island]	Galapagos	PRESENT	1	8edbbde0-055e-11d8-b850-b8a03c50a862	-0.80344	-90.04094	200.0						1974-01-21T00:00:00	21	1	1974	5786854	5786854	PRESERVED_SPECIMEN	MVZ	Mammal specimens	MVZ:Mamm:145379	3951	James L. Patton	2018-12-26T00:00:00	CC0_1_0		Collector(s): James L. Patton	NEOTYPE		2021-05-29T00:55:47.732Z		CONTINENT_INVALID;OCCURRENCE_STATUS_INFERRED_FROM_INDIVIDUAL_COUNT;INSTITUTION_MATCH_FUZZY;INSTITUTION_COLLECTION_MISMATCH
1145715777	0daed095-478a-4af6-abf5-18acb790fbb2	http://arctos.database.museum/guid/MVZ:Mamm:145377?seid=628389	Animalia	Chordata	Mammalia	Rodentia	Cricetidae	Aegialomys	Aegialomys galapagoensis		SPECIES	Aegialomys galapagoensis (Waterhouse, 1839)	Aegialomys galapagoensis		EC	Barrington Cove, Isla Santa Fe [Barrington Island]	Galapagos	PRESENT	1	8edbbde0-055e-11d8-b850-b8a03c50a862	-0.80344	-90.04094	200.0						1974-01-21T00:00:00	21	1	1974	5786854	5786854	PRESERVED_SPECIMEN	MVZ	Mammal specimens	MVZ:Mamm:145377	3949	James L. Patton	2007-12-04T00:00:00	CC0_1_0		Collector(s): James L. Patton			2021-05-29T00:56:01.932Z		CONTINENT_INVALID;OCCURRENCE_STATUS_INFERRED_FROM_INDIVIDUAL_COUNT;INSTITUTION_MATCH_FUZZY;INSTITUTION_COLLECTION_MISMATCH
1145715762	0daed095-478a-4af6-abf5-18acb790fbb2	http://arctos.database.museum/guid/MVZ:Mamm:145380?seid=185931	Animalia	Chordata	Mammalia	Rodentia	Cricetidae	Aegialomys	Aegialomys galapagoensis		SPECIES	Aegialomys galapagoensis (Waterhouse, 1839)	Aegialomys galapagoensis		EC	Barrington Cove, Isla Santa Fe [Barrington Island]	Galapagos	PRESENT	1	8edbbde0-055e-11d8-b850-b8a03c50a862	-0.80344	-90.04094	200.0						1974-01-21T00:00:00	21	1	1974	5786854	5786854	PRESERVED_SPECIMEN	MVZ	Mammal specimens	MVZ:Mamm:145380	3952	James L. Patton	2007-12-04T00:00:00	CC0_1_0		Collector(s): James L. Patton			2021-05-29T00:55:52.209Z		CONTINENT_INVALID;OCCURRENCE_STATUS_INFERRED_FROM_INDIVIDUAL_COUNT;INSTITUTION_MATCH_FUZZY;INSTITUTION_COLLECTION_MISMATCH
1145693771	0daed095-478a-4af6-abf5-18acb790fbb2	http://arctos.database.museum/guid/MVZ:Mamm:125471?seid=1274551	Animalia	Chordata	Mammalia	Rodentia	Cricetidae	Aegialomys	Aegialomys galapagoensis		SPECIES	Aegialomys galapagoensis (Waterhouse, 1839)	Aegialomys galapagoensis		EC	NE side of Isla Santa Fe [Barrington Island]	Galapagos	PRESENT	1	8edbbde0-055e-11d8-b850-b8a03c50a862	-0.81639	-90.05	5615.0						1957-09-01T00:00:00	1	9	1957	5786854	5786854	PRESERVED_SPECIMEN	MVZ	Mammal specimens	MVZ:Mamm:125471	1033	James L. Patton	2007-12-04T00:00:00	CC0_1_0		Collector(s): Robert I. Bowman			2021-05-29T00:56:05.331Z		CONTINENT_INVALID;OCCURRENCE_STATUS_INFERRED_FROM_INDIVIDUAL_COUNT;INSTITUTION_MATCH_FUZZY;INSTITUTION_COLLECTION_MISMATCH
1145693732	0daed095-478a-4af6-abf5-18acb790fbb2	http://arctos.database.museum/guid/MVZ:Mamm:125468?seid=681936	Animalia	Chordata	Mammalia	Rodentia	Cricetidae	Aegialomys	Aegialomys galapagoensis		SPECIES	Aegialomys galapagoensis (Waterhouse, 1839)	Aegialomys galapagoensis		EC	NE side of Isla Santa Fe [Barrington Island]	Galapagos	PRESENT	1	8edbbde0-055e-11d8-b850-b8a03c50a862	-0.81639	-90.05	5615.0						1957-08-31T00:00:00	31	8	1957	5786854	5786854	PRESERVED_SPECIMEN	MVZ	Mammal specimens	MVZ:Mamm:125468	1027	James L. Patton	2007-12-04T00:00:00	CC0_1_0		Collector(s): Robert I. Bowman			2021-05-29T00:55:51.623Z		CONTINENT_INVALID;OCCURRENCE_STATUS_INFERRED_FROM_INDIVIDUAL_COUNT;INSTITUTION_MATCH_FUZZY;INSTITUTION_COLLECTION_MISMATCH
1145693731	0daed095-478a-4af6-abf5-18acb790fbb2	http://arctos.database.museum/guid/MVZ:Mamm:125466?seid=846034	Animalia	Chordata	Mammalia	Rodentia	Cricetidae	Aegialomys	Aegialomys galapagoensis		SPECIES	Aegialomys galapagoensis (Waterhouse, 1839)	Aegialomys galapagoensis		EC	NE side of Isla Santa Fe [Barrington Island]	Galapagos	PRESENT	1	8edbbde0-055e-11d8-b850-b8a03c50a862	-0.81639	-90.05	5615.0						1957-08-31T00:00:00	31	8	1957	5786854	5786854	PRESERVED_SPECIMEN	MVZ	Mammal specimens	MVZ:Mamm:125466	1006	James L. Patton	2007-12-04T00:00:00	CC0_1_0		Collector(s): Robert I. Bowman			2021-05-29T00:55:51.663Z		CONTINENT_INVALID;OCCURRENCE_STATUS_INFERRED_FROM_INDIVIDUAL_COUNT;INSTITUTION_MATCH_FUZZY;INSTITUTION_COLLECTION_MISMATCH
1145693729	0daed095-478a-4af6-abf5-18acb790fbb2	http://arctos.database.museum/guid/MVZ:Mamm:125475?seid=1078225	Animalia	Chordata	Mammalia	Rodentia	Cricetidae	Aegialomys	Aegialomys galapagoensis		SPECIES	Aegialomys galapagoensis (Waterhouse, 1839)	Aegialomys galapagoensis		EC	NE corner of Isla Santa Fe [Barrington Island]	Galapagos	PRESENT	1	8edbbde0-055e-11d8-b850-b8a03c50a862	-0.81639	-90.05	5615.0						1957-10-15T00:00:00	15	10	1957	5786854	5786854	PRESERVED_SPECIMEN	MVZ	Mammal specimens	MVZ:Mamm:125475	1230	James L. Patton	2007-12-04T00:00:00	CC0_1_0		Collector(s): Robert I. Bowman			2021-05-29T00:55:56.416Z		CONTINENT_INVALID;OCCURRENCE_STATUS_INFERRED_FROM_INDIVIDUAL_COUNT;INSTITUTION_MATCH_FUZZY;INSTITUTION_COLLECTION_MISMATCH
1145693727	0daed095-478a-4af6-abf5-18acb790fbb2	http://arctos.database.museum/guid/MVZ:Mamm:125472?seid=635428	Animalia	Chordata	Mammalia	Rodentia	Cricetidae	Aegialomys	Aegialomys galapagoensis		SPECIES	Aegialomys galapagoensis (Waterhouse, 1839)	Aegialomys galapagoensis		EC	NE corner of Isla Santa Fe [Barrington Island]	Galapagos	PRESENT	1	8edbbde0-055e-11d8-b850-b8a03c50a862	-0.81639	-90.05	5615.0						1957-10-15T00:00:00	15	10	1957	5786854	5786854	PRESERVED_SPECIMEN	MVZ	Mammal specimens	MVZ:Mamm:125472	1227	James L. Patton	2007-12-04T00:00:00	CC0_1_0		Collector(s): Robert I. Bowman			2021-05-29T00:56:00.931Z		CONTINENT_INVALID;OCCURRENCE_STATUS_INFERRED_FROM_INDIVIDUAL_COUNT;INSTITUTION_MATCH_FUZZY;INSTITUTION_COLLECTION_MISMATCH
1145693714	0daed095-478a-4af6-abf5-18acb790fbb2	http://arctos.database.museum/guid/MVZ:Mamm:125461?seid=646340	Animalia	Chordata	Mammalia	Rodentia	Cricetidae	Aegialomys	Aegialomys galapagoensis		SPECIES	Aegialomys galapagoensis (Waterhouse, 1839)	Aegialomys galapagoensis		EC	NE side of Isla Santa Fe [Barrington Island]	Galapagos	PRESENT	1	8edbbde0-055e-11d8-b850-b8a03c50a862	-0.81639	-90.05	5615.0						1957-08-31T00:00:00	31	8	1957	5786854	5786854	PRESERVED_SPECIMEN	MVZ	Mammal specimens	MVZ:Mamm:125461	999	James L. Patton	2007-12-04T00:00:00	CC0_1_0		Collector(s): Robert I. Bowman			2021-05-29T00:56:00.798Z		CONTINENT_INVALID;OCCURRENCE_STATUS_INFERRED_FROM_INDIVIDUAL_COUNT;INSTITUTION_MATCH_FUZZY;INSTITUTION_COLLECTION_MISMATCH
1145693708	0daed095-478a-4af6-abf5-18acb790fbb2	http://arctos.database.museum/guid/MVZ:Mamm:125473?seid=513968	Animalia	Chordata	Mammalia	Rodentia	Cricetidae	Aegialomys	Aegialomys galapagoensis		SPECIES	Aegialomys galapagoensis (Waterhouse, 1839)	Aegialomys galapagoensis		EC	NE corner of Isla Santa Fe [Barrington Island]	Galapagos	PRESENT	1	8edbbde0-055e-11d8-b850-b8a03c50a862	-0.81639	-90.05	5615.0						1957-10-15T00:00:00	15	10	1957	5786854	5786854	PRESERVED_SPECIMEN	MVZ	Mammal specimens	MVZ:Mamm:125473	1228	James L. Patton	2007-12-04T00:00:00	CC0_1_0		Collector(s): Robert I. Bowman			2021-05-29T00:56:01.173Z		CONTINENT_INVALID;OCCURRENCE_STATUS_INFERRED_FROM_INDIVIDUAL_COUNT;INSTITUTION_MATCH_FUZZY;INSTITUTION_COLLECTION_MISMATCH
1145693694	0daed095-478a-4af6-abf5-18acb790fbb2	http://arctos.database.museum/guid/MVZ:Mamm:125465?seid=810251	Animalia	Chordata	Mammalia	Rodentia	Cricetidae	Aegialomys	Aegialomys galapagoensis		SPECIES	Aegialomys galapagoensis (Waterhouse, 1839)	Aegialomys galapagoensis		EC	NE side of Isla Santa Fe [Barrington Island]	Galapagos	PRESENT	1	8edbbde0-055e-11d8-b850-b8a03c50a862	-0.81639	-90.05	5615.0						1957-08-31T00:00:00	31	8	1957	5786854	5786854	PRESERVED_SPECIMEN	MVZ	Mammal specimens	MVZ:Mamm:125465	1003	James L. Patton	2007-12-04T00:00:00	CC0_1_0		Collector(s): Robert I. Bowman			2021-05-29T00:55:51.523Z		CONTINENT_INVALID;OCCURRENCE_STATUS_INFERRED_FROM_INDIVIDUAL_COUNT;INSTITUTION_MATCH_FUZZY;INSTITUTION_COLLECTION_MISMATCH
1145693692	0daed095-478a-4af6-abf5-18acb790fbb2	http://arctos.database.museum/guid/MVZ:Mamm:125464?seid=1654747	Animalia	Chordata	Mammalia	Rodentia	Cricetidae	Aegialomys	Aegialomys galapagoensis		SPECIES	Aegialomys galapagoensis (Waterhouse, 1839)	Aegialomys galapagoensis		EC	NE side of Isla Santa Fe [Barrington Island]	Galapagos	PRESENT	1	8edbbde0-055e-11d8-b850-b8a03c50a862	-0.81639	-90.05	5615.0						1957-08-31T00:00:00	31	8	1957	5786854	5786854	PRESERVED_SPECIMEN	MVZ	Mammal specimens	MVZ:Mamm:125464	1002	James L. Patton	2007-12-04T00:00:00	CC0_1_0		Collector(s): Robert I. Bowman			2021-05-29T00:56:04.675Z		CONTINENT_INVALID;OCCURRENCE_STATUS_INFERRED_FROM_INDIVIDUAL_COUNT;INSTITUTION_MATCH_FUZZY;INSTITUTION_COLLECTION_MISMATCH
1145693689	0daed095-478a-4af6-abf5-18acb790fbb2	http://arctos.database.museum/guid/MVZ:Mamm:125470?seid=930951	Animalia	Chordata	Mammalia	Rodentia	Cricetidae	Aegialomys	Aegialomys galapagoensis		SPECIES	Aegialomys galapagoensis (Waterhouse, 1839)	Aegialomys galapagoensis		EC	NE side of Isla Santa Fe [Barrington Island]	Galapagos	PRESENT	1	8edbbde0-055e-11d8-b850-b8a03c50a862	-0.81639	-90.05	5615.0						1957-09-01T00:00:00	1	9	1957	5786854	5786854	PRESERVED_SPECIMEN	MVZ	Mammal specimens	MVZ:Mamm:125470	1032	James L. Patton	2007-12-04T00:00:00	CC0_1_0		Collector(s): Robert I. Bowman			2021-05-29T00:56:01.173Z		CONTINENT_INVALID;OCCURRENCE_STATUS_INFERRED_FROM_INDIVIDUAL_COUNT;INSTITUTION_MATCH_FUZZY;INSTITUTION_COLLECTION_MISMATCH
1145693687	0daed095-478a-4af6-abf5-18acb790fbb2	http://arctos.database.museum/guid/MVZ:Mamm:125460?seid=801210	Animalia	Chordata	Mammalia	Rodentia	Cricetidae	Aegialomys	Aegialomys galapagoensis		SPECIES	Aegialomys galapagoensis (Waterhouse, 1839)	Aegialomys galapagoensis		EC	NE side of Isla Santa Fe [Barrington Island]	Galapagos	PRESENT	1	8edbbde0-055e-11d8-b850-b8a03c50a862	-0.81639	-90.05	5615.0						1957-08-31T00:00:00	31	8	1957	5786854	5786854	PRESERVED_SPECIMEN	MVZ	Mammal specimens	MVZ:Mamm:125460	998	James L. Patton	2007-12-04T00:00:00	CC0_1_0		Collector(s): Robert I. Bowman			2021-05-29T00:55:51.598Z		CONTINENT_INVALID;OCCURRENCE_STATUS_INFERRED_FROM_INDIVIDUAL_COUNT;INSTITUTION_MATCH_FUZZY;INSTITUTION_COLLECTION_MISMATCH
1145693684	0daed095-478a-4af6-abf5-18acb790fbb2	http://arctos.database.museum/guid/MVZ:Mamm:125469?seid=396427	Animalia	Chordata	Mammalia	Rodentia	Cricetidae	Aegialomys	Aegialomys galapagoensis		SPECIES	Aegialomys galapagoensis (Waterhouse, 1839)	Aegialomys galapagoensis		EC	NE side of Isla Santa Fe [Barrington Island]	Galapagos	PRESENT	1	8edbbde0-055e-11d8-b850-b8a03c50a862	-0.81639	-90.05	5615.0						1957-09-01T00:00:00	1	9	1957	5786854	5786854	PRESERVED_SPECIMEN	MVZ	Mammal specimens	MVZ:Mamm:125469	1031	James L. Patton	2007-12-04T00:00:00	CC0_1_0		Collector(s): Robert I. Bowman			2021-05-29T00:55:52.435Z		CONTINENT_INVALID;OCCURRENCE_STATUS_INFERRED_FROM_INDIVIDUAL_COUNT;INSTITUTION_MATCH_FUZZY;INSTITUTION_COLLECTION_MISMATCH
1145693682	0daed095-478a-4af6-abf5-18acb790fbb2	http://arctos.database.museum/guid/MVZ:Mamm:125467?seid=1676313	Animalia	Chordata	Mammalia	Rodentia	Cricetidae	Aegialomys	Aegialomys galapagoensis		SPECIES	Aegialomys galapagoensis (Waterhouse, 1839)	Aegialomys galapagoensis		EC	NE side of Isla Santa Fe [Barrington Island]	Galapagos	PRESENT	1	8edbbde0-055e-11d8-b850-b8a03c50a862	-0.81639	-90.05	5615.0						1957-08-31T00:00:00	31	8	1957	5786854	5786854	PRESERVED_SPECIMEN	MVZ	Mammal specimens	MVZ:Mamm:125467	1007	James L. Patton	2007-12-04T00:00:00	CC0_1_0		Collector(s): Robert I. Bowman			2021-05-29T00:56:05.466Z		CONTINENT_INVALID;OCCURRENCE_STATUS_INFERRED_FROM_INDIVIDUAL_COUNT;INSTITUTION_MATCH_FUZZY;INSTITUTION_COLLECTION_MISMATCH
1145693677	0daed095-478a-4af6-abf5-18acb790fbb2	http://arctos.database.museum/guid/MVZ:Mamm:125462?seid=354188	Animalia	Chordata	Mammalia	Rodentia	Cricetidae	Aegialomys	Aegialomys galapagoensis		SPECIES	Aegialomys galapagoensis (Waterhouse, 1839)	Aegialomys galapagoensis		EC	NE side of Isla Santa Fe [Barrington Island]	Galapagos	PRESENT	1	8edbbde0-055e-11d8-b850-b8a03c50a862	-0.81639	-90.05	5615.0						1957-08-31T00:00:00	31	8	1957	5786854	5786854	PRESERVED_SPECIMEN	MVZ	Mammal specimens	MVZ:Mamm:125462	1000	James L. Patton	2007-12-04T00:00:00	CC0_1_0		Collector(s): Robert I. Bowman			2021-05-29T00:55:51.575Z		CONTINENT_INVALID;OCCURRENCE_STATUS_INFERRED_FROM_INDIVIDUAL_COUNT;INSTITUTION_MATCH_FUZZY;INSTITUTION_COLLECTION_MISMATCH
1145693668	0daed095-478a-4af6-abf5-18acb790fbb2	http://arctos.database.museum/guid/MVZ:Mamm:125463?seid=133056	Animalia	Chordata	Mammalia	Rodentia	Cricetidae	Aegialomys	Aegialomys galapagoensis		SPECIES	Aegialomys galapagoensis (Waterhouse, 1839)	Aegialomys galapagoensis		EC	NE side of Isla Santa Fe [Barrington Island]	Galapagos	PRESENT	1	8edbbde0-055e-11d8-b850-b8a03c50a862	-0.81639	-90.05	5615.0						1957-08-31T00:00:00	31	8	1957	5786854	5786854	PRESERVED_SPECIMEN	MVZ	Mammal specimens	MVZ:Mamm:125463	1001	James L. Patton	2007-12-04T00:00:00	CC0_1_0		Collector(s): Robert I. Bowman			2021-05-29T00:55:51.772Z		CONTINENT_INVALID;OCCURRENCE_STATUS_INFERRED_FROM_INDIVIDUAL_COUNT;INSTITUTION_MATCH_FUZZY;INSTITUTION_COLLECTION_MISMATCH
1145693650	0daed095-478a-4af6-abf5-18acb790fbb2	http://arctos.database.museum/guid/MVZ:Mamm:125474?seid=421375	Animalia	Chordata	Mammalia	Rodentia	Cricetidae	Aegialomys	Aegialomys galapagoensis		SPECIES	Aegialomys galapagoensis (Waterhouse, 1839)	Aegialomys galapagoensis		EC	NE corner of Isla Santa Fe [Barrington Island]	Galapagos	PRESENT	1	8edbbde0-055e-11d8-b850-b8a03c50a862	-0.81639	-90.05	5615.0						1957-10-15T00:00:00	15	10	1957	5786854	5786854	PRESERVED_SPECIMEN	MVZ	Mammal specimens	MVZ:Mamm:125474	1229	James L. Patton	2007-12-04T00:00:00	CC0_1_0		Collector(s): Robert I. Bowman			2021-05-29T00:55:51.576Z		CONTINENT_INVALID;OCCURRENCE_STATUS_INFERRED_FROM_INDIVIDUAL_COUNT;INSTITUTION_MATCH_FUZZY;INSTITUTION_COLLECTION_MISMATCH
665881748	41fc5c40-5e81-496f-9733-6b5681b3b7a5	fe42dcbd-85a1-46b2-a904-9036cfcb1dd9	Animalia	Chordata	Mammalia	Rodentia	Cricetidae	Aegialomys	Aegialomys galapagoensis		SPECIES	Aegialomys galapagoensis (Waterhouse, 1839)	Aegialomys galapagoensis		EC	Barrington I	Galapagos Is	PRESENT		7b8aff00-a9f8-11d8-944b-b8a03c50a862	-0.816667	-90.066666							1899-05-29T00:00:00	29	5	1899	5786854	5786854	PRESERVED_SPECIMEN	FMNH	Mammals	49013	2448			CC0_1_0	The Field Museum of Natural History	Snodgrass			2021-03-30T10:22:15.330Z		COORDINATE_ROUNDED;GEODETIC_DATUM_ASSUMED_WGS84;INSTITUTION_MATCH_FUZZY;COLLECTION_MATCH_FUZZY
665881747	41fc5c40-5e81-496f-9733-6b5681b3b7a5	9bff8e62-3509-49e0-bd2e-7792469526db	Animalia	Chordata	Mammalia	Rodentia	Cricetidae	Aegialomys	Aegialomys galapagoensis		SPECIES	Aegialomys galapagoensis (Waterhouse, 1839)	Aegialomys galapagoensis		EC	Barrington I	Galapagos Is	PRESENT		7b8aff00-a9f8-11d8-944b-b8a03c50a862	-0.816667	-90.066666							1899-05-30T00:00:00	30	5	1899	5786854	5786854	PRESERVED_SPECIMEN	FMNH	Mammals	49012	2447			CC0_1_0	The Field Museum of Natural History	Snodgrass			2021-03-30T10:22:12.978Z		COORDINATE_ROUNDED;GEODETIC_DATUM_ASSUMED_WGS84;INSTITUTION_MATCH_FUZZY;COLLECTION_MATCH_FUZZY
665816685	41fc5c40-5e81-496f-9733-6b5681b3b7a5	22d8d1cf-1e52-4f30-b4f7-a92b8d4c7fff	Animalia	Chordata	Mammalia	Rodentia	Cricetidae	Aegialomys	Aegialomys galapagoensis		SPECIES	Aegialomys galapagoensis (Waterhouse, 1839)	Aegialomys galapagoensis		EC	Barrington I	Galapagos Is	PRESENT		7b8aff00-a9f8-11d8-944b-b8a03c50a862	-0.816667	-90.066666							1941-02-05T00:00:00	5	2	1941	5786854	5786854	PRESERVED_SPECIMEN	FMNH	Mammals	51770	WHO-7310			CC0_1_0	The Field Museum of Natural History	W. H. Osgood			2021-03-30T10:22:11.851Z		COORDINATE_ROUNDED;GEODETIC_DATUM_ASSUMED_WGS84;INSTITUTION_MATCH_FUZZY;COLLECTION_MATCH_FUZZY
665816684	41fc5c40-5e81-496f-9733-6b5681b3b7a5	ae33d3fb-138b-41b4-9116-19e01958c086	Animalia	Chordata	Mammalia	Rodentia	Cricetidae	Aegialomys	Aegialomys galapagoensis		SPECIES	Aegialomys galapagoensis (Waterhouse, 1839)	Aegialomys galapagoensis		EC	Barrington I	Galapagos Is	PRESENT		7b8aff00-a9f8-11d8-944b-b8a03c50a862	-0.816667	-90.066666							1941-02-05T00:00:00	5	2	1941	5786854	5786854	PRESERVED_SPECIMEN	FMNH	Mammals	51769	WHO-7309			CC0_1_0	The Field Museum of Natural History	W. H. Osgood			2021-03-30T10:22:17.689Z		COORDINATE_ROUNDED;GEODETIC_DATUM_ASSUMED_WGS84;INSTITUTION_MATCH_FUZZY;COLLECTION_MATCH_FUZZY
665816683	41fc5c40-5e81-496f-9733-6b5681b3b7a5	9994bcb9-0214-4a28-9552-64b08c174d79	Animalia	Chordata	Mammalia	Rodentia	Cricetidae	Aegialomys	Aegialomys galapagoensis		SPECIES	Aegialomys galapagoensis (Waterhouse, 1839)	Aegialomys galapagoensis		EC	Barrington I	Galapagos Is	PRESENT		7b8aff00-a9f8-11d8-944b-b8a03c50a862	-0.816667	-90.066666							1941-02-05T00:00:00	5	2	1941	5786854	5786854	PRESERVED_SPECIMEN	FMNH	Mammals	51768	WHO-7305			CC0_1_0	The Field Museum of Natural History	W. H. Osgood			2021-03-30T10:22:12.965Z		COORDINATE_ROUNDED;GEODETIC_DATUM_ASSUMED_WGS84;INSTITUTION_MATCH_FUZZY;COLLECTION_MATCH_FUZZY
665816682	41fc5c40-5e81-496f-9733-6b5681b3b7a5	d885c1ef-066f-4c0e-874b-e8f24f8f6e5b	Animalia	Chordata	Mammalia	Rodentia	Cricetidae	Aegialomys	Aegialomys galapagoensis		SPECIES	Aegialomys galapagoensis (Waterhouse, 1839)	Aegialomys galapagoensis		EC	Barrington I	Galapagos Is	PRESENT		7b8aff00-a9f8-11d8-944b-b8a03c50a862	-0.816667	-90.066666							1941-02-05T00:00:00	5	2	1941	5786854	5786854	PRESERVED_SPECIMEN	FMNH	Mammals	51767	WHO-7304			CC0_1_0	The Field Museum of Natural History	W. H. Osgood			2021-03-30T10:22:14.766Z		COORDINATE_ROUNDED;GEODETIC_DATUM_ASSUMED_WGS84;INSTITUTION_MATCH_FUZZY;COLLECTION_MATCH_FUZZY
665816681	41fc5c40-5e81-496f-9733-6b5681b3b7a5	eab7edf6-76e8-40a8-a0b1-f9ba22b2795f	Animalia	Chordata	Mammalia	Rodentia	Cricetidae	Aegialomys	Aegialomys galapagoensis		SPECIES	Aegialomys galapagoensis (Waterhouse, 1839)	Aegialomys galapagoensis		EC	Barrington I	Galapagos Is	PRESENT		7b8aff00-a9f8-11d8-944b-b8a03c50a862	-0.816667	-90.066666							1941-02-05T00:00:00	5	2	1941	5786854	5786854	PRESERVED_SPECIMEN	FMNH	Mammals	51766	WHO-7303			CC0_1_0	The Field Museum of Natural History	W. H. Osgood			2021-03-30T10:22:18.520Z		COORDINATE_ROUNDED;GEODETIC_DATUM_ASSUMED_WGS84;INSTITUTION_MATCH_FUZZY;COLLECTION_MATCH_FUZZY
665816680	41fc5c40-5e81-496f-9733-6b5681b3b7a5	b2069a79-5e1f-4832-8034-894b577e36a7	Animalia	Chordata	Mammalia	Rodentia	Cricetidae	Aegialomys	Aegialomys galapagoensis		SPECIES	Aegialomys galapagoensis (Waterhouse, 1839)	Aegialomys galapagoensis		EC	Barrington I	Galapagos Is	PRESENT		7b8aff00-a9f8-11d8-944b-b8a03c50a862	-0.816667	-90.066666							1941-02-05T00:00:00	5	2	1941	5786854	5786854	PRESERVED_SPECIMEN	FMNH	Mammals	51765	WHO-7302			CC0_1_0	The Field Museum of Natural History	W. H. Osgood			2021-03-30T10:22:13.149Z		COORDINATE_ROUNDED;GEODETIC_DATUM_ASSUMED_WGS84;INSTITUTION_MATCH_FUZZY;COLLECTION_MATCH_FUZZY
665816679	41fc5c40-5e81-496f-9733-6b5681b3b7a5	5cd393e0-a3bd-48b1-b64e-bb052316857a	Animalia	Chordata	Mammalia	Rodentia	Cricetidae	Aegialomys	Aegialomys galapagoensis		SPECIES	Aegialomys galapagoensis (Waterhouse, 1839)	Aegialomys galapagoensis		EC	Barrington I	Galapagos Is	PRESENT		7b8aff00-a9f8-11d8-944b-b8a03c50a862	-0.816667	-90.066666							1941-02-05T00:00:00	5	2	1941	5786854	5786854	PRESERVED_SPECIMEN	FMNH	Mammals	51764	WHO-7301			CC0_1_0	The Field Museum of Natural History	W. H. Osgood			2021-03-30T10:22:13.114Z		COORDINATE_ROUNDED;GEODETIC_DATUM_ASSUMED_WGS84;INSTITUTION_MATCH_FUZZY;COLLECTION_MATCH_FUZZY
665816678	41fc5c40-5e81-496f-9733-6b5681b3b7a5	6cbcdf1c-798d-4ceb-82f5-cf389a31d29c	Animalia	Chordata	Mammalia	Rodentia	Cricetidae	Aegialomys	Aegialomys galapagoensis		SPECIES	Aegialomys galapagoensis (Waterhouse, 1839)	Aegialomys galapagoensis		EC	Barrington I	Galapagos Is	PRESENT		7b8aff00-a9f8-11d8-944b-b8a03c50a862	-0.816667	-90.066666							1941-02-05T00:00:00	5	2	1941	5786854	5786854	PRESERVED_SPECIMEN	FMNH	Mammals	51763	WHO-7300			CC0_1_0	The Field Museum of Natural History	W. H. Osgood			2021-03-30T10:22:14.736Z		COORDINATE_ROUNDED;GEODETIC_DATUM_ASSUMED_WGS84;INSTITUTION_MATCH_FUZZY;COLLECTION_MATCH_FUZZY
665816677	41fc5c40-5e81-496f-9733-6b5681b3b7a5	052921c1-70b8-4699-a7c0-6438d82c662a	Animalia	Chordata	Mammalia	Rodentia	Cricetidae	Aegialomys	Aegialomys galapagoensis		SPECIES	Aegialomys galapagoensis (Waterhouse, 1839)	Aegialomys galapagoensis		EC	Barrington I	Galapagos Is	PRESENT		7b8aff00-a9f8-11d8-944b-b8a03c50a862	-0.816667	-90.066666							1941-02-05T00:00:00	5	2	1941	5786854	5786854	PRESERVED_SPECIMEN	FMNH	Mammals	51762	WHO-7299			CC0_1_0	The Field Museum of Natural History	W. H. Osgood			2021-03-30T10:22:11.340Z		COORDINATE_ROUNDED;GEODETIC_DATUM_ASSUMED_WGS84;INSTITUTION_MATCH_FUZZY;COLLECTION_MATCH_FUZZY
665816676	41fc5c40-5e81-496f-9733-6b5681b3b7a5	e8c3b27c-994b-4657-87f2-427da85d85bb	Animalia	Chordata	Mammalia	Rodentia	Cricetidae	Aegialomys	Aegialomys galapagoensis		SPECIES	Aegialomys galapagoensis (Waterhouse, 1839)	Aegialomys galapagoensis		EC	Barrington I	Galapagos Is	PRESENT		7b8aff00-a9f8-11d8-944b-b8a03c50a862	-0.816667	-90.066666							1941-02-04T00:00:00	4	2	1941	5786854	5786854	PRESERVED_SPECIMEN	FMNH	Mammals	51761	WHO-7298			CC0_1_0	The Field Museum of Natural History	W. H. Osgood			2021-03-30T10:22:14.912Z		COORDINATE_ROUNDED;GEODETIC_DATUM_ASSUMED_WGS84;INSTITUTION_MATCH_FUZZY;COLLECTION_MATCH_FUZZY
665816672	41fc5c40-5e81-496f-9733-6b5681b3b7a5	ff675ac3-1e66-46aa-9d8f-62b2aa4ab90d	Animalia	Chordata	Mammalia	Rodentia	Cricetidae	Aegialomys	Aegialomys galapagoensis		SPECIES	Aegialomys galapagoensis (Waterhouse, 1839)	Aegialomys galapagoensis		EC	Barrington I	Galapagos Is	PRESENT		7b8aff00-a9f8-11d8-944b-b8a03c50a862	-0.816667	-90.066666							1941-02-05T00:00:00	5	2	1941	5786854	5786854	PRESERVED_SPECIMEN	FMNH	Mammals	51757	WHO-7308			CC0_1_0	The Field Museum of Natural History	W. H. Osgood			2021-03-30T10:22:15.189Z		COORDINATE_ROUNDED;GEODETIC_DATUM_ASSUMED_WGS84;INSTITUTION_MATCH_FUZZY;COLLECTION_MATCH_FUZZY
665816671	41fc5c40-5e81-496f-9733-6b5681b3b7a5	ccec883d-dfae-4554-a8c0-4652ec2eaebc	Animalia	Chordata	Mammalia	Rodentia	Cricetidae	Aegialomys	Aegialomys galapagoensis		SPECIES	Aegialomys galapagoensis (Waterhouse, 1839)	Aegialomys galapagoensis		EC	Barrington I	Galapagos Is	PRESENT		7b8aff00-a9f8-11d8-944b-b8a03c50a862	-0.816667	-90.066666							1941-02-05T00:00:00	5	2	1941	5786854	5786854	PRESERVED_SPECIMEN	FMNH	Mammals	51756	WHO-7307			CC0_1_0	The Field Museum of Natural History	W. H. Osgood			2021-03-30T10:22:14.710Z		COORDINATE_ROUNDED;GEODETIC_DATUM_ASSUMED_WGS84;INSTITUTION_MATCH_FUZZY;COLLECTION_MATCH_FUZZY
583504846	6ce7290f-47f6-4046-8356-371f5b6749df	urn:catalog:CAS:MAM:19335	Animalia	Chordata	Mammalia	Rodentia	Cricetidae	Aegialomys	Aegialomys galapagoensis		SPECIES	Oryzomys galapagoensis (Waterhouse, 1839)	Oryzomys galapagoensis		EC	Barrington Island	Galapagos Islands	PRESENT		66522820-055c-11d8-b84e-b8a03c50a862	-0.81667	-90.06639	10615.0						1899-05-30T00:00:00	30	5	1899	2438067	5786854	PRESERVED_SPECIMEN	CASC	CASMAM	19335				CC0_1_0		R. E. Snodgras; E. Heller			2021-05-25T23:41:09.532Z		
583504843	6ce7290f-47f6-4046-8356-371f5b6749df	urn:catalog:CAS:MAM:19334	Animalia	Chordata	Mammalia	Rodentia	Cricetidae	Aegialomys	Aegialomys galapagoensis		SPECIES	Oryzomys galapagoensis (Waterhouse, 1839)	Oryzomys galapagoensis		EC	Barrington Island	Galapagos Islands	PRESENT		66522820-055c-11d8-b84e-b8a03c50a862	-0.81667	-90.06639	10615.0						1899-05-30T00:00:00	30	5	1899	2438067	5786854	PRESERVED_SPECIMEN	CASC	CASMAM	19334				CC0_1_0		R. E. Snodgras; E. Heller			2021-05-25T23:41:09.532Z		
583504840	6ce7290f-47f6-4046-8356-371f5b6749df	urn:catalog:CAS:MAM:19333	Animalia	Chordata	Mammalia	Rodentia	Cricetidae	Aegialomys	Aegialomys galapagoensis		SPECIES	Oryzomys galapagoensis (Waterhouse, 1839)	Oryzomys galapagoensis		EC	Barrington Island	Galapagos Islands	PRESENT		66522820-055c-11d8-b84e-b8a03c50a862	-0.81667	-90.06639	10615.0						1899-05-29T00:00:00	29	5	1899	2438067	5786854	PRESERVED_SPECIMEN	CASC	CASMAM	19333				CC0_1_0		R. E. Snodgras; E. Heller			2021-05-25T23:41:09.533Z		
583504836	6ce7290f-47f6-4046-8356-371f5b6749df	urn:catalog:CAS:MAM:19332	Animalia	Chordata	Mammalia	Rodentia	Cricetidae	Aegialomys	Aegialomys galapagoensis		SPECIES	Oryzomys galapagoensis (Waterhouse, 1839)	Oryzomys galapagoensis		EC	Barrington Island	Galapagos Islands	PRESENT		66522820-055c-11d8-b84e-b8a03c50a862	-0.81667	-90.06639	10615.0						1899-05-30T00:00:00	30	5	1899	2438067	5786854	PRESERVED_SPECIMEN	CASC	CASMAM	19332				CC0_1_0		R. E. Snodgras; E. Heller			2021-05-25T23:41:09.533Z		
583504833	6ce7290f-47f6-4046-8356-371f5b6749df	urn:catalog:CAS:MAM:19331	Animalia	Chordata	Mammalia	Rodentia	Cricetidae	Aegialomys	Aegialomys galapagoensis		SPECIES	Oryzomys galapagoensis (Waterhouse, 1839)	Oryzomys galapagoensis		EC	Barrington Island	Galapagos Islands	PRESENT		66522820-055c-11d8-b84e-b8a03c50a862	-0.81667	-90.06639	10615.0						1899-05-30T00:00:00	30	5	1899	2438067	5786854	PRESERVED_SPECIMEN	CASC	CASMAM	19331				CC0_1_0		R. E. Snodgras; E. Heller			2021-05-25T23:41:09.532Z		
583504830	6ce7290f-47f6-4046-8356-371f5b6749df	urn:catalog:CAS:MAM:19330	Animalia	Chordata	Mammalia	Rodentia	Cricetidae	Aegialomys	Aegialomys galapagoensis		SPECIES	Oryzomys galapagoensis (Waterhouse, 1839)	Oryzomys galapagoensis		EC	Barrington Island	Galapagos Islands	PRESENT		66522820-055c-11d8-b84e-b8a03c50a862	-0.81667	-90.06639	10615.0						1899-05-30T00:00:00	30	5	1899	2438067	5786854	PRESERVED_SPECIMEN	CASC	CASMAM	19330				CC0_1_0		R. E. Snodgras; E. Heller			2021-05-25T23:41:09.532Z		
583504825	6ce7290f-47f6-4046-8356-371f5b6749df	urn:catalog:CAS:MAM:19329	Animalia	Chordata	Mammalia	Rodentia	Cricetidae	Aegialomys	Aegialomys galapagoensis		SPECIES	Oryzomys galapagoensis (Waterhouse, 1839)	Oryzomys galapagoensis		EC	Barrington Island	Galapagos Islands	PRESENT		66522820-055c-11d8-b84e-b8a03c50a862	-0.81667	-90.06639	10615.0						1899-05-30T00:00:00	30	5	1899	2438067	5786854	PRESERVED_SPECIMEN	CASC	CASMAM	19329				CC0_1_0		R. E. Snodgras; E. Heller			2021-05-25T23:41:09.540Z		
583504822	6ce7290f-47f6-4046-8356-371f5b6749df	urn:catalog:CAS:MAM:19328	Animalia	Chordata	Mammalia	Rodentia	Cricetidae	Aegialomys	Aegialomys galapagoensis		SPECIES	Oryzomys galapagoensis (Waterhouse, 1839)	Oryzomys galapagoensis		EC	Barrington Island	Galapagos Islands	PRESENT		66522820-055c-11d8-b84e-b8a03c50a862	-0.81667	-90.06639	10615.0						1899-05-30T00:00:00	30	5	1899	2438067	5786854	PRESERVED_SPECIMEN	CASC	CASMAM	19328				CC0_1_0		R. E. Snodgras; E. Heller			2021-05-25T23:41:09.539Z		
583504819	6ce7290f-47f6-4046-8356-371f5b6749df	urn:catalog:CAS:MAM:19327	Animalia	Chordata	Mammalia	Rodentia	Cricetidae	Aegialomys	Aegialomys galapagoensis		SPECIES	Oryzomys galapagoensis (Waterhouse, 1839)	Oryzomys galapagoensis		EC	Barrington Island	Galapagos Islands	PRESENT		66522820-055c-11d8-b84e-b8a03c50a862	-0.81667	-90.06639	10615.0						1899-05-30T00:00:00	30	5	1899	2438067	5786854	PRESERVED_SPECIMEN	CASC	CASMAM	19327				CC0_1_0		R. E. Snodgras; E. Heller			2021-05-25T23:41:09.539Z		
583483546	6ce7290f-47f6-4046-8356-371f5b6749df	urn:catalog:CAS:MAM:13284	Animalia	Chordata	Mammalia	Rodentia	Cricetidae	Aegialomys	Aegialomys galapagoensis		SPECIES	Oryzomys galapagoensis (Waterhouse, 1839)	Oryzomys galapagoensis		EC	Barrington Island, NE shore	Galapagos Islands	PRESENT		66522820-055c-11d8-b84e-b8a03c50a862	-0.81667	-90.06639	4615.0						1964-02-01T00:00:00	1	2	1964	2438067	5786854	PRESERVED_SPECIMEN	CASC	CASMAM	13284	2646			CC0_1_0		R. T. Orr			2021-05-25T23:41:11.738Z		
583483541	6ce7290f-47f6-4046-8356-371f5b6749df	urn:catalog:CAS:MAM:13283	Animalia	Chordata	Mammalia	Rodentia	Cricetidae	Aegialomys	Aegialomys galapagoensis		SPECIES	Oryzomys galapagoensis (Waterhouse, 1839)	Oryzomys galapagoensis		EC	Barrington Island, NE shore	Galapagos Islands	PRESENT		66522820-055c-11d8-b84e-b8a03c50a862	-0.81667	-90.06639	4615.0						1964-02-01T00:00:00	1	2	1964	2438067	5786854	PRESERVED_SPECIMEN	CASC	CASMAM	13283	2647			CC0_1_0		R. T. Orr			2021-05-25T23:41:11.738Z		
583483537	6ce7290f-47f6-4046-8356-371f5b6749df	urn:catalog:CAS:MAM:13282	Animalia	Chordata	Mammalia	Rodentia	Cricetidae	Aegialomys	Aegialomys galapagoensis		SPECIES	Oryzomys galapagoensis (Waterhouse, 1839)	Oryzomys galapagoensis		EC	Barrington Island, NE shore	Galapagos Islands	PRESENT		66522820-055c-11d8-b84e-b8a03c50a862	-0.81667	-90.06639	4615.0						1964-01-31T00:00:00	31	1	1964	2438067	5786854	PRESERVED_SPECIMEN	CASC	CASMAM	13282	2643			CC0_1_0		R. T. Orr			2021-05-25T23:41:11.738Z		
583483534	6ce7290f-47f6-4046-8356-371f5b6749df	urn:catalog:CAS:MAM:13281	Animalia	Chordata	Mammalia	Rodentia	Cricetidae	Aegialomys	Aegialomys galapagoensis		SPECIES	Oryzomys galapagoensis (Waterhouse, 1839)	Oryzomys galapagoensis		EC	Barrington Island, NE shore	Galapagos Islands	PRESENT		66522820-055c-11d8-b84e-b8a03c50a862	-0.81667	-90.06639	4615.0						1964-01-31T00:00:00	31	1	1964	2438067	5786854	PRESERVED_SPECIMEN	CASC	CASMAM	13281	2642			CC0_1_0		R. T. Orr			2021-05-25T23:41:11.737Z		
583483531	6ce7290f-47f6-4046-8356-371f5b6749df	urn:catalog:CAS:MAM:13280	Animalia	Chordata	Mammalia	Rodentia	Cricetidae	Aegialomys	Aegialomys galapagoensis		SPECIES	Oryzomys galapagoensis (Waterhouse, 1839)	Oryzomys galapagoensis		EC	Barrington Island, NE shore	Galapagos Islands	PRESENT		66522820-055c-11d8-b84e-b8a03c50a862	-0.81667	-90.06639	4615.0						1964-01-31T00:00:00	31	1	1964	2438067	5786854	PRESERVED_SPECIMEN	CASC	CASMAM	13280	2641			CC0_1_0		R. T. Orr			2021-05-25T23:41:11.737Z		
583483528	6ce7290f-47f6-4046-8356-371f5b6749df	urn:catalog:CAS:MAM:13279	Animalia	Chordata	Mammalia	Rodentia	Cricetidae	Aegialomys	Aegialomys galapagoensis		SPECIES	Oryzomys galapagoensis (Waterhouse, 1839)	Oryzomys galapagoensis		EC	Barrington Island, NE shore	Galapagos Islands	PRESENT		66522820-055c-11d8-b84e-b8a03c50a862	-0.81667	-90.06639	4615.0						1964-02-02T00:00:00	2	2	1964	2438067	5786854	PRESERVED_SPECIMEN	CASC	CASMAM	13279	2650			CC0_1_0		R. T. Orr			2021-05-25T23:41:11.741Z		
583483525	6ce7290f-47f6-4046-8356-371f5b6749df	urn:catalog:CAS:MAM:13278	Animalia	Chordata	Mammalia	Rodentia	Cricetidae	Aegialomys	Aegialomys galapagoensis		SPECIES	Oryzomys galapagoensis (Waterhouse, 1839)	Oryzomys galapagoensis		EC	Barrington Island, NE shore	Galapagos Islands	PRESENT		66522820-055c-11d8-b84e-b8a03c50a862	-0.81667	-90.06639	4615.0						1964-02-01T00:00:00	1	2	1964	2438067	5786854	PRESERVED_SPECIMEN	CASC	CASMAM	13278	2645			CC0_1_0		R. T. Orr			2021-05-25T23:41:11.741Z		
583483521	6ce7290f-47f6-4046-8356-371f5b6749df	urn:catalog:CAS:MAM:13277	Animalia	Chordata	Mammalia	Rodentia	Cricetidae	Aegialomys	Aegialomys galapagoensis		SPECIES	Oryzomys galapagoensis (Waterhouse, 1839)	Oryzomys galapagoensis		EC	Barrington Island, NE shore	Galapagos Islands	PRESENT		66522820-055c-11d8-b84e-b8a03c50a862	-0.81667	-90.06639	4615.0						1964-01-31T00:00:00	31	1	1964	2438067	5786854	PRESERVED_SPECIMEN	CASC	CASMAM	13277	2638			CC0_1_0		R. T. Orr			2021-05-25T23:41:11.741Z		
583483519	6ce7290f-47f6-4046-8356-371f5b6749df	urn:catalog:CAS:MAM:13276	Animalia	Chordata	Mammalia	Rodentia	Cricetidae	Aegialomys	Aegialomys galapagoensis		SPECIES	Oryzomys galapagoensis (Waterhouse, 1839)	Oryzomys galapagoensis		EC	Barrington Island, NE shore	Galapagos Islands	PRESENT		66522820-055c-11d8-b84e-b8a03c50a862	-0.81667	-90.06639	4615.0						1964-01-31T00:00:00	31	1	1964	2438067	5786854	PRESERVED_SPECIMEN	CASC	CASMAM	13276	2639			CC0_1_0		R. T. Orr			2021-05-25T23:41:11.724Z		
583483514	6ce7290f-47f6-4046-8356-371f5b6749df	urn:catalog:CAS:MAM:13275	Animalia	Chordata	Mammalia	Rodentia	Cricetidae	Aegialomys	Aegialomys galapagoensis		SPECIES	Oryzomys galapagoensis (Waterhouse, 1839)	Oryzomys galapagoensis		EC	Barrington Island, NE shore	Galapagos Islands	PRESENT		66522820-055c-11d8-b84e-b8a03c50a862	-0.81667	-90.06639	4615.0						1964-01-31T00:00:00	31	1	1964	2438067	5786854	PRESERVED_SPECIMEN	CASC	CASMAM	13275	2640			CC0_1_0		R. T. Orr			2021-05-25T23:41:11.725Z		
583483509	6ce7290f-47f6-4046-8356-371f5b6749df	urn:catalog:CAS:MAM:13274	Animalia	Chordata	Mammalia	Rodentia	Cricetidae	Aegialomys	Aegialomys galapagoensis		SPECIES	Oryzomys galapagoensis (Waterhouse, 1839)	Oryzomys galapagoensis		EC	Barrington Island, NE shore	Galapagos Islands	PRESENT		66522820-055c-11d8-b84e-b8a03c50a862	-0.81667	-90.06639	4615.0						1964-02-01T00:00:00	1	2	1964	2438067	5786854	PRESERVED_SPECIMEN	CASC	CASMAM	13274	2644			CC0_1_0		R. T. Orr			2021-05-25T23:41:11.724Z		
583483505	6ce7290f-47f6-4046-8356-371f5b6749df	urn:catalog:CAS:MAM:13273	Animalia	Chordata	Mammalia	Rodentia	Cricetidae	Aegialomys	Aegialomys galapagoensis		SPECIES	Oryzomys galapagoensis (Waterhouse, 1839)	Oryzomys galapagoensis		EC	Barrington Island, NE shore	Galapagos Islands	PRESENT		66522820-055c-11d8-b84e-b8a03c50a862	-0.81667	-90.06639	4615.0						1964-01-31T00:00:00	31	1	1964	2438067	5786854	PRESERVED_SPECIMEN	CASC	CASMAM	13273	2640			CC0_1_0		R. T. Orr			2021-05-25T23:41:11.725Z		
583450813	6ce7290f-47f6-4046-8356-371f5b6749df	urn:catalog:CAS:MAM:2489	Animalia	Chordata	Mammalia	Rodentia	Cricetidae	Aegialomys	Aegialomys galapagoensis		SPECIES	Oryzomys galapagoensis (Waterhouse, 1839)	Oryzomys galapagoensis		EC	Barrington Island	Galapagos Islands	PRESENT		66522820-055c-11d8-b84e-b8a03c50a862	-0.81667	-90.06639	10615.0						1905-10-24T00:00:00	24	10	1905	2438067	5786854	PRESERVED_SPECIMEN	CASC	CASMAM	2489	BR2			CC0_1_0		J. S. Hunter			2021-05-25T23:41:15.686Z		
583450810	6ce7290f-47f6-4046-8356-371f5b6749df	urn:catalog:CAS:MAM:2488	Animalia	Chordata	Mammalia	Rodentia	Cricetidae	Aegialomys	Aegialomys galapagoensis		SPECIES	Oryzomys galapagoensis (Waterhouse, 1839)	Oryzomys galapagoensis		EC	Barrington Island	Galapagos Islands	PRESENT		66522820-055c-11d8-b84e-b8a03c50a862	-0.81667	-90.06639	10615.0						1905-10-21T00:00:00	21	10	1905	2438067	5786854	PRESERVED_SPECIMEN	CASC	CASMAM	2488	BR10			CC0_1_0		J. S. Hunter			2021-05-25T23:41:15.686Z		
583450808	6ce7290f-47f6-4046-8356-371f5b6749df	urn:catalog:CAS:MAM:2487	Animalia	Chordata	Mammalia	Rodentia	Cricetidae	Aegialomys	Aegialomys galapagoensis		SPECIES	Oryzomys galapagoensis (Waterhouse, 1839)	Oryzomys galapagoensis		EC	Barrington Island	Galapagos Islands	PRESENT		66522820-055c-11d8-b84e-b8a03c50a862	-0.81667	-90.06639	10615.0						1905-10-24T00:00:00	24	10	1905	2438067	5786854	PRESERVED_SPECIMEN	CASC	CASMAM	2487	BR8			CC0_1_0		J. S. Hunter			2021-05-25T23:41:15.685Z		
583450805	6ce7290f-47f6-4046-8356-371f5b6749df	urn:catalog:CAS:MAM:2486	Animalia	Chordata	Mammalia	Rodentia	Cricetidae	Aegialomys	Aegialomys galapagoensis		SPECIES	Oryzomys galapagoensis (Waterhouse, 1839)	Oryzomys galapagoensis		EC	Barrington Island	Galapagos Islands	PRESENT		66522820-055c-11d8-b84e-b8a03c50a862	-0.81667	-90.06639	10615.0						1905-10-24T00:00:00	24	10	1905	2438067	5786854	PRESERVED_SPECIMEN	CASC	CASMAM	2486	BR7			CC0_1_0		J. S. Hunter			2021-05-25T23:41:15.685Z		
583450803	6ce7290f-47f6-4046-8356-371f5b6749df	urn:catalog:CAS:MAM:2485	Animalia	Chordata	Mammalia	Rodentia	Cricetidae	Aegialomys	Aegialomys galapagoensis		SPECIES	Oryzomys galapagoensis (Waterhouse, 1839)	Oryzomys galapagoensis		EC	Barrington Island	Galapagos Islands	PRESENT		66522820-055c-11d8-b84e-b8a03c50a862	-0.81667	-90.06639	10615.0						1905-10-24T00:00:00	24	10	1905	2438067	5786854	PRESERVED_SPECIMEN	CASC	CASMAM	2485	BR5			CC0_1_0		J. S. Hunter			2021-05-25T23:41:15.687Z		
583450800	6ce7290f-47f6-4046-8356-371f5b6749df	urn:catalog:CAS:MAM:2484	Animalia	Chordata	Mammalia	Rodentia	Cricetidae	Aegialomys	Aegialomys galapagoensis		SPECIES	Oryzomys galapagoensis (Waterhouse, 1839)	Oryzomys galapagoensis		EC	Barrington Island	Galapagos Islands	PRESENT		66522820-055c-11d8-b84e-b8a03c50a862	-0.81667	-90.06639	10615.0						1905-10-24T00:00:00	24	10	1905	2438067	5786854	PRESERVED_SPECIMEN	CASC	CASMAM	2484	BR4			CC0_1_0		J. S. Hunter			2021-05-25T23:41:15.687Z		
583450797	6ce7290f-47f6-4046-8356-371f5b6749df	urn:catalog:CAS:MAM:2483	Animalia	Chordata	Mammalia	Rodentia	Cricetidae	Aegialomys	Aegialomys galapagoensis		SPECIES	Oryzomys galapagoensis (Waterhouse, 1839)	Oryzomys galapagoensis		EC	Barrington Island	Galapagos Islands	PRESENT		66522820-055c-11d8-b84e-b8a03c50a862	-0.81667	-90.06639	10615.0						1905-10-24T00:00:00	24	10	1905	2438067	5786854	PRESERVED_SPECIMEN	CASC	CASMAM	2483	BR3			CC0_1_0		J. S. Hunter			2021-05-25T23:41:15.686Z		
583450794	6ce7290f-47f6-4046-8356-371f5b6749df	urn:catalog:CAS:MAM:2482	Animalia	Chordata	Mammalia	Rodentia	Cricetidae	Aegialomys	Aegialomys galapagoensis		SPECIES	Oryzomys galapagoensis (Waterhouse, 1839)	Oryzomys galapagoensis		EC	Barrington Island	Galapagos Islands	PRESENT		66522820-055c-11d8-b84e-b8a03c50a862	-0.81667	-90.06639	10615.0						1905-10-24T00:00:00	24	10	1905	2438067	5786854	PRESERVED_SPECIMEN	CASC	CASMAM	2482	BR1			CC0_1_0		J. S. Hunter			2021-05-25T23:41:15.686Z		
583450791	6ce7290f-47f6-4046-8356-371f5b6749df	urn:catalog:CAS:MAM:2481	Animalia	Chordata	Mammalia	Rodentia	Cricetidae	Aegialomys	Aegialomys galapagoensis		SPECIES	Oryzomys galapagoensis (Waterhouse, 1839)	Oryzomys galapagoensis		EC	Barrington Island	Galapagos Islands	PRESENT		66522820-055c-11d8-b84e-b8a03c50a862	-0.81667	-90.06639	10615.0						1905-10-20T00:00:00	20	10	1905	2438067	5786854	PRESERVED_SPECIMEN	CASC	CASMAM	2481	BR22			CC0_1_0		R. H. Beck			2021-05-25T23:41:15.687Z		
583450789	6ce7290f-47f6-4046-8356-371f5b6749df	urn:catalog:CAS:MAM:2480	Animalia	Chordata	Mammalia	Rodentia	Cricetidae	Aegialomys	Aegialomys galapagoensis		SPECIES	Oryzomys galapagoensis (Waterhouse, 1839)	Oryzomys galapagoensis		EC	Barrington Island	Galapagos Islands	PRESENT		66522820-055c-11d8-b84e-b8a03c50a862	-0.81667	-90.06639	10615.0						1905-10-23T00:00:00	23	10	1905	2438067	5786854	PRESERVED_SPECIMEN	CASC	CASMAM	2480	BR22			CC0_1_0		R. H. Beck			2021-05-25T23:41:15.688Z		
583450786	6ce7290f-47f6-4046-8356-371f5b6749df	urn:catalog:CAS:MAM:2479	Animalia	Chordata	Mammalia	Rodentia	Cricetidae	Aegialomys	Aegialomys galapagoensis		SPECIES	Oryzomys galapagoensis (Waterhouse, 1839)	Oryzomys galapagoensis		EC	Barrington Island	Galapagos Islands	PRESENT		66522820-055c-11d8-b84e-b8a03c50a862	-0.81667	-90.06639	10615.0						1905-10-23T00:00:00	23	10	1905	2438067	5786854	PRESERVED_SPECIMEN	CASC	CASMAM	2479	BR9			CC0_1_0		J. S. Hunter			2021-05-25T23:41:15.666Z		
583450782	6ce7290f-47f6-4046-8356-371f5b6749df	urn:catalog:CAS:MAM:2478	Animalia	Chordata	Mammalia	Rodentia	Cricetidae	Aegialomys	Aegialomys galapagoensis		SPECIES	Oryzomys galapagoensis (Waterhouse, 1839)	Oryzomys galapagoensis		EC	Barrington Island	Galapagos Islands	PRESENT		66522820-055c-11d8-b84e-b8a03c50a862	-0.81667	-90.06639	10615.0						1905-10-21T00:00:00	21	10	1905	2438067	5786854	PRESERVED_SPECIMEN	CASC	CASMAM	2478	BR6			CC0_1_0		J. S. Hunter			2021-05-25T23:41:15.679Z		
